{"Entities":[{"classId":"ProtoDefenseTunnel","id":"afb8862f-c5f1-43e9-8ec0-248ca89c26e4","position":{"x":734.124939,"y":-492.4708,"z":-1211.80457},"rotation":{"x":0.0,"y":-0.238021389,"z":0.0,"w":0.971259952},"scale":{"x":1.3,"y":1.3,"z":1.3},"cellLevel":2,"priority":0},{"classId":"03809334-e82d-40f5-9ccd-920e753887de","id":"d42824a6-809b-4e16-a101-35963d249130","position":{"x":673.723145,"y":-484.018921,"z":-1370.00537},"rotation":{"x":0.0,"y":0.461171269,"z":0.0,"w":-0.8873112},"scale":{"x":0.5499927,"y":0.5499927,"z":0.5499927},"cellLevel":2,"priority":0},{"classId":"WatergateBlock","id":"b61ada4f-d1f0-4c3e-87c2-7669f4daed41","position":{"x":673.7006,"y":-483.42868,"z":-1369.90723},"rotation":{"x":0.2158639,"y":0.2158639,"z":0.673351943,"w":0.673351943},"scale":{"x":0.3584929,"y":1.0,"z":0.485981882},"cellLevel":1,"priority":0}],"IsSorted":false}