{"Entities":[{"classId":"AlienBuildingBlock","id":"7025e0e3-199d-4ed8-b297-a2b8606eaad3","position":{"x":531.342,"y":125.636879,"z":1733.84106},"rotation":{"x":-0.0200251937,"y":0.0,"z":-0.008483832,"w":0.9997635},"scale":{"x":1.0,"y":1.0,"z":1.0},"cellLevel":0,"priority":0},{"classId":"AlienBuildingBlock","id":"afbb65fc-bd1f-4221-8a91-9c0181811d49","position":{"x":546.364868,"y":102.269173,"z":1753.4397},"rotation":{"x":0.0,"y":0.0,"z":0.0,"w":1.0},"scale":{"x":1.0,"y":1.0,"z":1.0},"cellLevel":0,"priority":0}],"IsSorted":false}