{"Entities":[{"classId":"IonPrism","id":"c6bd3b3b-daa6-4a58-91dd-8eeec68fa0c4","position":{"x":-1024.1123,"y":-436.352936,"z":-1276.27271},"rotation":{"x":0.155141234,"y":-0.101161264,"z":-0.5367506,"w":0.823162436},"scale":{"x":10.0,"y":10.000001,"z":10.0},"cellLevel":0,"priority":0},{"classId":"IonPrism","id":"04bc18dc-59e3-437f-8e93-9e89c1ffcd5c","position":{"x":-1024.65454,"y":-436.3511,"z":-1276.57532},"rotation":{"x":0.381011516,"y":0.0,"z":0.5228236,"w":0.762552142},"scale":{"x":10.0,"y":10.0,"z":10.000001},"cellLevel":0,"priority":0},{"classId":"AlienBuildingBlock","id":"70d64b53-067e-4457-a064-41c0f5b80dce","position":{"x":-1025.562,"y":-436.5185,"z":-1276.45691},"rotation":{"x":0.0,"y":0.0,"z":0.0,"w":1.0},"scale":{"x":1.0,"y":1.0,"z":1.0},"cellLevel":0,"priority":0}],"IsSorted":false}