{
  "Entities": [
    {
      "classId": "GrayRock01",
      "id": "a10d2a86-ae1f-47c6-a6b1-6c6bbaf88017",
      "position": {
        "x": -1147.92126,
        "y": -384.8001,
        "z": -1043.16272
      },
      "rotation": {
        "x": 0.0,
        "y": -0.5444653,
        "z": 0.0,
        "w": 0.8387833
      },
      "scale": {
        "x": 2.844656,
        "y": 2.84465528,
        "z": 2.844656
      },
      "cellLevel": 1,
      "priority": 0
    },
    {
      "classId": "GrayRock01",
      "id": "cdd588f6-ff12-4cde-aeaa-7aa6d07d1ffb",
      "position": {
        "x": -1208.66919,
        "y": -302.998535,
        "z": -758.751465
      },
      "rotation": {
        "x": 0.0,
        "y": -0.6371034,
        "z": 0.0,
        "w": 0.7707784
      },
      "scale": {
        "x": 3.83497024,
        "y": 3.83496761,
        "z": 3.83497024
      },
      "cellLevel": 1,
      "priority": 0
    }
  ],
  "IsSorted": false
}