{
  "Entities": [
    {
      "classId": "6a01a336-fb46-469a-9f7d-1659e07d11d7",
      "id": "d023c202-0b9c-4ce8-8577-0ea4d4f0d924",
      "position": {
        "x": -533.5024,
        "y": -473.7318,
        "z": 1644.92041
      },
      "rotation": {
        "x": -4.05823144E-08,
        "y": 0.0,
        "z": 0.0,
        "w": -1.0
      },
      "scale": {
        "x": 1.07955861,
        "y": 1.07955861,
        "z": 1.07955861
      },
      "cellLevel": 1,
      "priority": 0
    },
    {
      "classId": "6a01a336-fb46-469a-9f7d-1659e07d11d7",
      "id": "0909a7ac-101c-4040-b30f-0bfbe61b0348",
      "position": {
        "x": -533.5024,
        "y": -468.5157,
        "z": 1644.92041
      },
      "rotation": {
        "x": 1.77390934E-15,
        "y": -4.05823144E-08,
        "z": 1.0,
        "w": 4.371139E-08
      },
      "scale": {
        "x": 0.910031736,
        "y": 0.910031736,
        "z": 0.910031736
      },
      "cellLevel": 1,
      "priority": 0
    },
    {
      "classId": "PrecursorRadio",
      "id": "ee1b6cdf-5c8e-4eeb-bc92-c9350b4d23e1",
      "position": {
        "x": -533.5042,
        "y": -468.952148,
        "z": 1644.99707
      },
      "rotation": {
        "x": 8.42937E-08,
        "y": 0.0,
        "z": 0.0,
        "w": 1.0
      },
      "scale": {
        "x": 1.16321361,
        "y": 1.16321361,
        "z": 1.16321361
      },
      "cellLevel": 0,
      "priority": 0
    }
  ],
  "IsSorted": false
}